qid,similar-qids 
1 
3 
5 
7 
9 
11 
13 
15 ,6603,7415
17 
19 
21 
23 
25 
27 
29 
31 
33 ,3146,5654,6986
35 
37 
39 
41 
43 
45 
47 
49 
51 ,1945,5236,7125,7473
53 
55 
57 ,7800
59 
61 
63 
65 
67 
69 
71 
73 
75 
76 
77 
79 
81 
83 
85 
87 
89 ,706,710,2868,3987
91 
93 
95 
97 
99 
101 
103 
105 
107 
109 
111 
113 
115 
117 
119 
121 
123 
125 
127 
129 
131 
133 
135 
137 
139 
141 
143 
145 ,5514,7842
147 
149 
151 
153 
155 
157 
159 
161 
163 
165 
167 
169 
171 
173 
175 ,663,996,2262,7027,7221
177 ,7806
179 ,180
180 ,179
181 
183 
185 
187 
189 
191 
193 
195 
197 
199 
201 
203 
205 
207 
209 
211 
213 
214 
215 
217 
219 
221 
223 
225 
227 
229 
231 
233 
235 
237 ,5244,6109
239 
241 
243 
245 
247 
249 
251 
253 
255 
257 
259 
261 
263 
265 
267 
269 
271 
273 
275 
277 
279 
281 
283 
285 
287 
289 
291 
293 
295 
297 
299 
301 
303 
305 
307 
309 
311 
313 
315 
317 
319 ,7342
321 
323 
325 
327 
329 
331 
333 
335 
337 
339 
341 
343 
345 ,5539
347 
349 
351 
353 
355 
357 
359 
361 
363 
365 
367 ,2252
369 
371 
373 
375 
377 
379 
381 
383 
385 
387 
389 
391 
393 
395 
397 
399 
401 ,4266
403 
405 
407 
409 
411 
413 
415 
417 
419 
421 
423 
425 
427 
429 
431 
433 
435 
437 
439 
441 
443 
445 ,3959,6111
447 ,2914
449 
451 
453 
455 
457 
459 
461 
463 
465 
467 
469 
471 
473 
475 
477 
479 
481 
483 
485 
487 
489 
491 
493 
495 
497 
499 
501 
503 
505 
507 
509 
511 
513 
515 
517 
519 
521 
523 
525 ,5122
527 
530 
532 
534 
536 
538 
540 
542 
544 
546 
548 
550 
552 
554 
556 
558 
560 
562 
564 
566 
568 
570 
571 
572 
574 
576 
578 
580 ,2344,4569
582 
584 
586 
588 
590 
592 
594 
596 
598 
600 
602 
604 
606 
608 
610 
612 
614 
616 
618 
620 
622 
624 
626 
628 
630 
632 
634 
636 ,726,6785
638 
640 
642 
643 
644 
646 
648 
650 
652 
653 
655 
657 
659 
661 
663 ,175,996,2262,7221,7539
665 
667 
669 
671 
673 
675 
677 
679 
681 
683 
685 
687 
689 
691 
693 
695 
697 
699 
701 ,3451
703 
705 
706 ,89,710,2868,3987
708 
710 ,89,706,2868,3987
712 
714 
716 
718 
720 
722 
724 
726 ,636,3275
728 
730 
732 
734 
736 
738 
740 
742 
744 
746 
748 
750 
752 ,1258
754 
756 
758 
760 
762 
764 
766 
768 
770 
772 
774 
776 
778 
780 
782 
784 
786 
788 
790 
792 
794 
796 
798 
800 
802 
804 
806 
808 
810 
812 
814 
816 
818 
820 
822 
824 
826 
828 
830 
832 
834 
836 
838 
840 
842 
844 ,3057
846 
848 
850 
852 ,5059
854 
856 
858 
860 
862 
864 
866 
868 
870 
872 
874 
876 
877 
878 
880 
882 ,1893
883 ,1893,4121
884 
886 ,2209
888 
890 
892 
894 
896 
898 
900 
902 
904 
906 
908 
910 
912 
914 
916 
918 
920 
922 
924 
926 
928 
930 
932 
934 
936 
938 
940 
942 
944 
946 
948 
950 
952 
954 
956 
958 
960 
962 
964 
966 
968 
970 
972 
974 
976 
978 
980 ,7916
982 
984 
986 
988 
990 
992 
994 
996 ,175,663,2262,7027,7221
998 
1000 
1002 
1004 
1006 
1008 
1010 
1012 
1014 ,3863,5539
1016 
1018 
1020 
1022 
1024 
1026 
1028 
1030 
1032 ,2562,3999,5246
1034 
1036 
1038 ,1039
1039 ,1038
1040 
1042 
1044 
1046 
1048 
1050 
1052 
1054 
1056 
1058 
1060 
1062 
1064 
1066 
1068 
1070 ,2739
1072 
1074 
1076 
1078 
1080 
1082 
1084 
1086 
1088 
1090 
1092 
1094 
1096 
1098 
1100 
1102 
1104 
1106 
1108 
1110 
1112 
1114 
1116 
1118 
1120 
1122 
1124 
1126 ,4037
1128 ,1611,5454,7505
1130 
1132 
1134 
1136 
1138 
1140 
1142 
1144 
1146 
1148 
1150 
1152 
1154 
1156 
1158 
1160 
1162 
1164 
1166 
1168 
1170 
1172 
1174 
1176 
1178 
1180 
1182 
1184 
1186 
1188 
1189 
1190 
1192 
1194 
1196 
1198 
1200 
1202 
1204 
1206 
1208 
1210 
1212 
1214 
1216 
1218 
1220 
1222 
1224 
1226 
1228 
1230 
1232 
1234 
1236 
1238 
1240 
1242 
1244 
1246 
1248 
1250 
1252 
1254 
1256 
1258 ,752
1260 
1262 
1264 
1266 
1268 
1270 
1272 
1274 
1276 
1278 
1280 
1282 
1284 
1286 
1288 
1290 
1292 
1293 
1295 
1297 
1299 
1301 
1303 
1305 
1307 
1309 
1311 
1313 
1315 
1317 
1319 
1321 
1323 
1325 
1327 
1329 
1331 
1333 
1335 
1337 
1339 
1341 
1343 
1345 
1347 
1349 
1351 
1353 
1355 
1357 
1359 
1361 
1363 
1365 
1367 
1369 ,4883
1371 
1373 ,5870
1375 
1377 ,1901,4879,6135
1379 
1381 
1383 
1385 
1387 
1389 
1391 
1393 
1395 
1397 
1399 
1401 
1403 
1406 
1408 
1410 
1412 
1414 
1416 
1418 
1420 
1422 
1424 
1426 
1428 
1430 
1432 
1434 
1436 
1438 
1440 
1442 
1444 ,2596
1446 
1448 
1450 
1452 
1455 
1457 
1459 
1461 
1463 
1465 
1467 
1469 
1471 
1473 
1475 
1477 
1479 
1481 
1483 
1485 
1487 
1489 
1491 
1493 
1495 
1497 
1499 
1501 
1503 
1505 
1507 
1509 
1511 
1513 
1515 
1517 
1519 
1521 
1523 
1525 
1527 
1529 
1531 
1533 
1535 
1537 
1539 
1541 
1542 
1543 ,6478,7884
1545 
1547 
1549 
1551 
1553 
1555 
1557 
1559 
1561 
1563 
1565 
1567 
1569 
1571 
1573 
1575 
1577 
1579 
1581 
1583 
1585 
1587 
1589 
1591 
1593 
1595 ,5433,5902
1597 
1599 
1601 
1603 
1605 ,4728,5539
1607 
1609 
1611 ,1128,5454,7505
1613 
1615 
1617 
1619 ,3765,4635
1621 
1623 
1625 
1627 
1629 
1631 
1633 
1635 
1637 
1639 
1641 
1643 
1645 
1647 
1649 
1651 
1653 
1655 
1657 
1659 
1661 
1663 
1665 
1667 
1669 
1671 
1673 
1675 
1677 
1679 
1681 
1683 
1685 
1687 
1689 
1691 
1693 
1695 
1697 
1699 
1701 
1703 
1705 
1707 
1709 
1711 
1713 
1715 
1717 
1719 
1721 
1723 
1725 
1727 
1729 
1731 
1733 
1735 
1737 
1739 
1741 
1743 ,2991
1745 
1747 
1749 
1751 
1753 
1755 
1757 
1759 
1761 
1763 
1765 
1767 
1769 
1771 
1773 
1775 
1777 
1779 
1781 
1783 
1785 
1787 
1789 
1791 
1793 
1795 
1797 
1799 
1801 
1803 
1805 
1807 
1809 
1811 
1813 
1815 
1817 
1819 
1821 
1823 
1825 
1827 ,4518
1829 
1831 
1833 
1835 
1837 
1839 
1841 
1843 
1845 
1847 
1849 
1851 
1853 
1855 
1857 
1859 
1861 
1863 
1865 ,2772
1867 
1869 
1871 ,3339
1873 
1875 
1877 
1879 
1881 
1883 
1885 ,2634
1887 
1889 
1891 
1893 ,882,883
1895 
1897 
1899 
1901 ,1377
1903 
1905 
1907 
1909 
1911 
1913 
1915 
1917 
1919 
1921 
1923 
1925 
1927 
1929 
1931 
1933 
1935 
1937 
1939 
1941 
1943 
1945 ,51,5236,7125,7473
1947 ,7253
1949 
1951 
1953 
1955 
1957 
1959 
1961 
1963 
1965 
1967 
1969 
1971 
1973 
1975 
1977 
1979 
1981 
1983 
1985 
1987 
1989 
1991 
1993 
1995 
1997 
1999 
2001 
2003 
2005 
2007 
2009 
2011 
2013 
2015 
2017 
2019 
2021 
2023 
2025 
2027 
2029 
2031 
2033 
2035 
2037 
2039 
2041 
2043 
2045 
2047 
2049 
2050 
2052 
2054 
2056 
2058 
2060 
2062 
2064 
2066 
2068 ,6149,7926
2070 
2072 
2074 
2076 
2078 ,4855
2080 
2082 
2084 
2086 
2088 
2090 
2092 
2094 
2096 
2098 
2100 
2102 
2104 
2106 
2108 
2110 
2112 
2114 
2116 
2118 
2120 
2122 
2123 
2124 
2126 
2128 
2130 
2132 
2134 
2136 
2138 
2140 
2142 
2144 
2146 
2148 
2150 
2152 
2154 
2157 
2159 
2161 
2163 
2165 
2167 
2169 
2171 
2173 
2175 
2177 
2179 
2181 
2183 
2185 
2187 
2189 
2191 
2193 
2195 
2197 
2199 
2201 ,6270
2203 ,2204,2219
2204 ,2203,2219
2205 
2207 
2209 ,886
2211 
2213 
2215 
2217 
2219 ,2203,2204
2221 
2222 
2224 
2226 
2228 
2230 
2232 
2234 
2236 
2238 
2240 
2242 
2244 
2246 
2248 
2250 
2252 ,367
2254 
2256 
2258 
2260 
2262 ,175,663,996,7027,7221,7539
2264 
2266 
2267 
2268 
2270 
2272 
2274 
2276 
2278 
2280 
2282 
2284 
2286 
2288 
2290 
2292 
2294 
2296 
2298 
2300 
2302 
2304 
2306 
2308 
2310 
2312 
2314 
2316 ,5777
2318 
2320 
2322 ,3938
2324 
2326 
2328 
2330 
2332 
2334 
2336 
2338 
2340 
2342 
2344 ,580,4569
2346 
2348 
2350 
2352 
2354 
2356 
2358 
2360 
2362 
2364 
2366 
2368 ,4690
2370 
2372 
2374 
2376 
2378 
2380 
2382 
2384 
2386 
2388 
2390 
2392 
2394 
2396 
2398 
2400 
2402 
2404 
2406 
2408 
2410 
2412 
2414 
2416 
2418 
2420 
2422 
2424 
2426 
2428 
2430 
2432 
2434 
2436 
2437 
2438 
2440 
2442 
2444 
2446 
2448 
2450 
2452 
2454 
2456 
2458 
2460 
2462 
2464 
2466 
2468 
2470 
2472 
2474 
2476 
2478 
2480 
2482 
2484 
2486 
2488 
2490 
2492 
2494 
2496 
2498 
2500 
2502 
2504 
2506 
2508 
2510 ,2701
2512 
2514 
2516 
2518 
2520 
2522 
2524 
2526 
2528 
2530 
2532 
2534 
2536 
2538 
2540 
2542 
2544 
2546 
2548 
2550 
2552 
2554 
2556 
2558 
2560 
2562 ,1032
2564 
2566 
2568 
2570 
2572 
2574 
2576 
2578 
2580 
2582 
2584 
2586 
2588 
2590 
2592 
2594 
2596 ,1444
2598 
2600 
2602 
2604 
2606 
2608 
2610 
2612 
2614 
2616 
2618 
2620 
2622 
2624 
2626 
2628 
2630 
2632 
2634 ,1885
2636 
2638 
2640 
2642 
2644 
2646 
2648 
2650 
2652 
2654 
2656 
2657 
2659 
2661 
2663 
2665 
2667 
2669 
2671 
2673 
2675 
2677 
2679 
2681 
2683 
2685 
2687 
2689 
2691 
2693 
2695 
2697 
2699 
2701 ,2510
2703 
2705 
2707 
2709 
2711 
2713 
2715 
2717 
2719 
2721 
2723 
2725 
2727 ,4197,6931
2729 
2731 
2733 
2735 
2737 ,4571,5779
2739 ,1070
2740 
2741 
2742 ,6787,6968
2744 
2746 
2748 
2750 
2752 
2754 
2756 
2758 
2760 
2762 
2764 
2766 
2768 
2770 
2772 ,1865
2774 
2776 
2778 
2780 
2782 
2784 
2786 
2788 
2790 
2792 
2794 
2796 
2798 
2800 
2802 
2804 
2806 
2808 
2810 
2812 
2814 
2816 
2818 
2820 
2822 
2824 
2826 
2828 
2830 
2832 
2834 
2836 
2838 
2840 
2842 
2843 
2845 
2848 
2850 
2852 
2854 
2856 
2858 
2860 
2862 
2864 
2866 
2868 ,89,706,710,3987
2870 
2872 
2874 
2876 
2878 
2880 
2882 
2884 
2886 
2888 
2890 
2892 
2894 
2896 
2898 
2900 
2902 
2904 
2906 
2908 
2910 
2912 
2914 ,447
2916 
2918 
2920 
2923 
2925 
2927 
2929 
2931 
2933 
2935 
2937 
2939 
2941 
2943 
2945 
2947 
2949 
2951 
2953 
2955 
2957 
2959 
2961 
2963 ,6754,7221
2965 
2967 
2969 
2971 
2973 
2975 
2977 
2979 
2981 
2983 
2985 
2987 
2989 
2991 ,1743
2993 
2995 
2997 
2999 
3001 
3003 
3005 
3007 
3009 
3011 
3013 
3015 
3017 
3019 
3021 
3023 
3025 
3027 
3029 
3031 
3033 
3035 
3037 
3039 
3041 
3043 
3045 
3047 
3049 
3051 
3053 
3055 
3057 ,844
3059 
3061 
3063 
3065 
3067 
3069 
3071 
3073 
3074 
3075 
3077 
3079 
3081 
3083 
3085 
3087 
3089 
3091 
3093 
3095 
3097 
3099 
3101 
3103 
3105 
3107 
3109 
3111 
3113 
3115 
3117 
3119 
3122 
3124 ,4175
3126 
3128 
3130 
3132 
3134 
3136 
3138 
3140 
3142 
3144 
3146 ,33,5654,6986
3148 
3150 
3152 
3154 
3156 
3158 
3160 
3162 
3164 
3166 
3168 
3170 
3172 
3174 
3176 
3178 
3180 
3182 
3184 
3186 
3188 
3190 
3192 
3194 
3196 
3198 
3200 
3202 ,4468,6734,7838
3204 
3206 
3208 
3210 
3212 
3214 
3216 
3218 
3220 
3222 
3224 
3226 
3228 
3230 
3232 
3234 
3236 
3238 
3240 
3242 
3244 
3246 
3248 
3250 
3252 
3254 
3256 
3258 
3260 
3262 
3263 
3265 
3267 
3269 
3271 
3273 
3275 ,726
3277 
3279 
3281 
3283 
3285 
3287 
3289 
3291 
3293 
3295 
3297 
3299 
3301 
3303 
3305 
3307 
3309 
3311 
3313 
3315 
3317 
3319 
3321 
3323 
3325 
3327 
3329 
3330 
3331 
3333 
3335 
3337 
3339 ,1871
3341 
3343 
3345 
3347 ,5805
3349 
3351 
3353 
3355 
3357 
3359 
3361 
3363 
3365 
3367 
3369 
3371 
3373 
3375 
3377 
3379 
3381 
3383 
3385 
3387 
3389 
3391 
3393 
3395 
3397 
3399 
3401 
3403 
3405 
3407 
3409 
3411 
3413 
3415 
3417 
3419 
3421 
3423 
3425 
3427 
3429 
3431 
3433 
3435 
3437 
3439 
3441 
3443 
3445 
3447 
3449 
3451 ,701
3453 
3455 ,5539
3457 
3459 
3461 
3463 
3465 
3467 
3469 
3471 
3473 
3475 
3477 
3479 
3481 
3483 
3485 
3488 
3490 
3492 
3494 
3496 
3498 
3500 
3502 
3504 
3506 
3508 
3510 
3512 
3514 
3516 
3518 
3520 
3522 
3524 
3526 
3528 
3530 
3532 
3534 
3536 
3538 
3540 
3542 
3545 ,3621
3547 
3549 
3551 
3553 
3555 
3557 
3559 
3561 
3563 
3565 
3567 
3569 
3571 
3573 
3575 
3577 
3579 
3581 
3583 
3585 
3587 
3589 
3591 
3593 
3595 
3597 
3599 
3601 
3603 
3605 
3607 
3609 
3611 
3613 
3615 
3617 
3619 
3621 ,3545
3623 
3625 
3627 
3629 
3631 
3633 
3635 
3637 
3639 
3641 
3643 
3645 
3647 
3649 
3651 
3653 
3655 
3657 
3659 
3661 
3663 
3665 
3667 
3669 ,6730
3671 
3673 
3675 
3677 
3679 
3681 
3683 
3685 
3687 
3689 
3691 
3693 
3695 
3697 
3699 
3701 
3703 
3705 
3707 
3709 
3711 
3713 
3715 
3717 
3719 
3721 
3723 
3725 
3727 
3729 
3731 
3733 
3735 
3737 
3739 
3741 
3743 
3745 
3747 
3749 
3750 
3751 
3753 
3755 
3757 
3759 
3761 
3763 
3765 ,1619,4635,7503
3767 
3769 
3771 
3774 
3776 
3778 
3780 
3782 
3784 
3786 
3788 
3790 
3792 
3794 
3796 
3798 
3800 
3802 
3804 
3807 
3809 
3811 
3813 
3815 
3817 
3819 
3821 
3823 
3825 
3827 
3829 ,4264,7311
3831 
3833 
3835 
3837 
3839 
3841 
3843 
3845 
3847 
3849 
3851 
3853 
3855 
3857 
3859 
3861 
3863 ,1014
3865 
3867 
3869 
3871 
3873 
3876 
3878 
3880 
3882 
3884 
3886 
3888 
3890 
3892 
3894 
3896 
3898 
3900 
3902 
3904 
3906 
3908 
3910 
3912 
3914 
3916 
3918 
3920 
3922 
3924 
3926 
3928 
3930 
3932 
3934 
3936 
3938 ,2322
3940 
3942 
3944 
3946 
3947 
3949 
3951 
3953 
3955 
3957 
3959 ,445
3961 
3963 
3965 
3967 
3969 
3971 
3973 
3975 
3977 
3979 
3981 
3983 
3985 
3987 ,89,706,710,2868
3989 
3991 
3993 
3995 
3997 
3999 ,1032,5246
4001 
4003 
4005 
4007 
4009 
4011 
4013 
4015 
4017 
4019 
4021 
4023 
4025 
4027 
4029 
4031 
4033 
4035 
4037 ,1126
4039 
4041 
4043 
4045 
4047 
4049 
4051 
4053 
4055 
4057 
4059 
4061 
4063 
4065 
4067 
4069 
4071 
4073 
4075 
4077 
4079 
4081 
4083 
4085 
4087 
4089 
4091 
4093 
4095 
4097 
4099 
4101 
4103 
4105 
4107 
4109 
4111 
4113 
4115 
4117 
4119 
4121 ,883
4123 
4125 
4127 
4129 
4131 
4133 
4135 
4137 
4139 
4141 
4143 
4145 
4147 
4149 
4151 
4153 
4155 
4157 
4159 
4161 
4163 
4165 ,7663
4167 
4169 
4171 
4173 
4175 ,3124
4177 
4179 
4181 
4183 
4185 
4187 
4189 
4191 
4193 
4195 
4197 ,2727,6931
4199 
4201 
4203 
4205 
4207 
4209 
4212 
4214 
4216 
4218 
4220 
4222 
4224 
4226 
4228 
4230 
4232 
4234 
4236 
4238 
4240 
4242 
4244 
4246 
4248 
4250 
4252 
4254 
4256 
4258 
4260 
4262 
4264 ,3829,7311
4265 
4266 ,401
4268 
4270 
4272 
4274 
4276 
4278 
4280 
4282 
4284 
4286 
4288 
4290 
4292 
4294 
4296 
4298 
4300 
4302 
4304 
4306 
4308 
4310 
4312 
4314 
4316 
4318 
4320 
4322 
4324 
4325 
4327 
4329 
4331 
4333 
4335 
4337 
4339 
4341 
4343 
4345 
4347 
4349 
4351 
4353 
4355 
4357 
4359 
4361 
4363 
4365 
4367 
4369 
4371 
4373 
4375 
4377 
4379 
4381 
4383 
4385 
4387 
4389 
4391 
4393 
4395 
4397 
4399 
4401 
4403 
4405 
4407 
4409 
4411 
4413 
4415 
4417 
4419 
4421 
4423 
4425 
4427 
4429 
4431 
4433 
4434 
4436 
4438 
4440 
4442 
4444 
4446 
4448 
4450 
4452 
4454 
4456 
4458 
4460 
4462 
4464 
4466 
4468 ,3202,6734,7838
4470 
4472 
4474 
4475 
4477 
4478 
4480 
4482 
4484 
4486 
4488 
4490 
4492 
4494 
4496 
4498 
4500 
4502 
4504 
4506 
4508 
4510 
4512 
4514 
4516 
4518 ,1827
4520 
4522 
4524 
4526 
4528 
4530 
4532 
4534 
4536 
4538 
4540 
4542 ,6470
4544 
4546 
4548 
4550 
4552 
4554 
4555 
4557 
4559 
4561 
4563 
4565 
4567 
4569 ,580,2344
4571 ,2737,5779
4573 
4575 
4577 
4579 
4581 
4583 
4585 
4587 
4589 
4591 
4593 
4595 
4597 
4599 
4601 
4603 
4605 
4607 
4609 
4611 
4613 
4615 
4617 
4619 
4621 
4623 
4625 
4627 
4629 
4631 
4633 
4635 ,1619,3765,7503
4637 
4639 
4641 
4643 
4645 
4647 
4649 
4651 
4653 
4655 
4657 
4659 
4661 
4663 
4665 
4667 
4669 
4671 
4673 
4675 
4678 
4680 
4682 
4684 
4686 
4688 
4690 ,2368
4692 
4694 
4696 
4698 
4700 
4702 
4704 
4706 
4708 
4710 
4712 
4714 
4716 
4718 
4720 
4722 
4724 
4726 
4728 ,1605,5539
4730 
4732 
4734 
4736 
4739 
4741 
4743 
4745 
4747 
4749 
4751 
4753 
4755 
4757 
4759 
4761 
4763 
4765 
4767 
4769 
4771 
4773 
4775 
4777 
4779 
4782 
4784 
4786 
4788 
4790 
4792 
4794 
4796 
4798 
4800 
4802 
4804 
4806 
4808 
4810 
4812 
4814 
4816 
4819 
4821 
4823 
4825 
4827 
4829 
4831 
4833 
4835 
4837 
4839 
4841 
4843 
4845 
4847 
4849 
4851 
4853 
4855 ,2078
4857 
4859 
4861 
4863 
4865 
4867 
4869 
4871 
4873 
4875 
4877 
4879 ,1377
4881 
4883 ,1369
4885 
4887 
4889 
4891 
4893 
4895 
4897 
4899 ,5618
4901 
4902 
4904 
4906 
4908 
4910 
4912 
4914 
4916 
4918 
4920 
4922 
4924 
4926 
4928 
4930 
4932 
4934 
4936 
4938 
4940 
4942 
4944 
4946 
4948 
4950 
4952 
4954 
4956 
4958 
4960 
4962 
4964 ,5234,5395
4967 
4969 
4971 
4973 
4975 
4977 
4979 
4981 
4983 
4985 
4987 
4989 
4991 
4993 
4995 
4997 
4999 
5001 
5003 
5005 
5007 
5009 
5011 
5013 
5015 
5017 
5019 
5021 
5023 
5025 
5027 
5029 
5031 
5033 
5035 
5037 
5039 
5041 
5043 
5045 
5047 
5049 
5051 
5053 
5055 
5057 
5059 ,852
5061 
5063 
5065 
5067 
5068 
5070 
5072 
5074 
5076 
5078 
5080 
5082 
5084 
5086 
5088 
5090 
5092 
5094 
5096 
5098 
5100 
5102 
5104 
5106 
5108 
5110 
5112 
5114 
5116 
5118 
5120 
5122 ,525
5124 
5126 
5128 
5130 
5132 
5134 
5136 
5138 
5140 
5142 
5144 
5146 
5148 ,7273
5150 
5152 
5154 
5156 
5158 
5160 
5162 
5164 
5166 
5168 
5170 
5172 
5174 
5176 
5178 
5180 
5182 
5184 
5186 
5188 
5190 
5192 
5194 
5196 
5198 
5200 
5202 
5204 
5206 
5208 
5210 
5212 
5214 
5216 
5218 
5220 
5222 
5224 
5226 
5228 
5230 
5232 
5234 ,4964,5395
5236 ,51,1945,7125,7473
5238 
5240 
5242 
5244 ,237,6109
5246 ,1032,3999
5248 
5250 
5252 
5254 ,7832
5256 
5258 
5260 
5262 
5264 
5266 
5268 
5270 
5273 
5275 
5278 
5280 
5282 
5284 
5286 
5288 
5289 
5291 
5293 
5295 
5297 
5299 
5301 
5303 
5305 
5307 
5309 
5311 
5313 
5315 
5317 
5319 
5321 
5323 
5325 
5327 
5329 
5331 
5333 
5335 
5337 
5339 
5341 
5343 
5345 
5347 
5349 
5351 
5353 
5356 
5358 
5360 
5362 
5364 
5367 
5369 
5371 
5373 ,6821
5375 
5377 
5379 
5381 
5383 
5385 
5387 
5389 
5391 
5393 
5395 ,4964,5234
5397 
5399 
5401 
5403 
5405 
5407 
5409 
5411 
5413 
5415 
5417 
5419 
5421 
5423 
5425 
5427 
5429 
5431 
5433 ,1595,5902
5435 
5437 
5439 
5441 
5443 
5445 
5447 
5449 
5451 
5452 
5454 ,1128,1611,7505
5456 
5457 
5459 
5461 
5463 
5465 
5467 
5469 
5471 
5473 
5475 
5477 
5479 
5481 
5483 
5485 
5487 
5489 
5491 
5493 
5495 
5497 
5499 
5501 
5503 
5505 
5507 
5509 
5512 
5514 ,145
5515 
5517 
5519 
5521 
5523 
5525 
5527 
5529 
5531 
5533 
5535 
5537 
5539 ,345,1014,1605,3455,4728
5541 
5543 
5545 
5547 
5549 
5551 
5553 
5555 
5557 
5559 
5561 
5563 
5565 
5567 
5569 
5571 
5573 
5575 
5577 
5579 
5581 
5583 
5585 
5587 
5589 
5591 
5593 
5595 
5597 
5599 
5601 
5603 
5605 
5607 
5610 
5612 
5614 
5616 
5618 ,4899
5620 
5622 
5624 
5626 
5628 
5630 
5632 
5634 
5636 
5638 
5640 
5642 
5644 
5646 
5648 
5650 
5652 
5654 ,33,3146,6986
5657 
5659 
5661 
5663 
5665 
5667 ,5868
5669 
5671 ,7324
5673 
5675 
5677 
5679 
5681 
5683 
5685 
5687 
5689 
5691 
5693 
5695 
5697 
5699 
5701 
5703 
5705 
5707 
5709 
5711 
5713 
5716 
5719 
5721 
5723 
5725 
5727 
5729 
5731 
5733 
5735 
5737 
5739 
5741 
5743 
5745 
5747 
5749 
5751 
5753 
5755 
5757 
5759 
5761 
5763 
5765 
5767 
5769 
5771 
5773 
5775 
5777 ,2316
5779 ,2737,4571
5781 
5783 
5785 
5787 
5789 ,7806
5791 
5793 
5795 
5797 
5799 
5801 
5803 
5805 ,3347
5807 
5809 
5811 
5813 
5815 
5817 
5819 
5821 
5823 
5825 
5827 
5829 
5831 
5833 
5835 
5837 
5839 
5841 
5843 
5845 
5847 
5849 
5851 
5853 
5855 
5857 
5859 ,6330
5861 
5863 
5865 
5868 ,5667
5870 ,1373
5872 
5874 
5876 
5878 
5880 
5882 
5884 
5886 
5888 
5890 
5892 
5894 
5895 
5896 
5898 
5900 
5902 ,1595,5433
5904 
5906 
5908 
5910 
5912 
5914 
5915 
5917 
5919 
5921 
5923 
5925 
5927 
5929 
5931 
5933 
5935 
5937 
5939 
5941 
5943 
5945 
5947 
5949 
5951 
5953 
5955 
5957 
5959 
5961 
5963 
5965 
5967 
5969 
5971 
5973 
5975 
5977 
5979 
5981 
5983 
5985 
5987 
5989 
5991 
5993 
5995 
5997 
5999 
6003 
6005 
6007 
6009 
6011 
6013 
6015 
6017 
6019 
6021 
6023 
6025 
6027 
6029 
6031 
6033 
6035 
6037 
6039 
6041 
6043 
6045 
6047 
6049 
6051 
6053 
6055 
6057 
6059 
6061 
6063 
6065 
6067 
6069 
6071 
6073 
6075 
6077 
6079 
6081 
6083 
6085 
6087 
6089 
6091 
6093 
6095 
6097 
6099 
6101 
6103 
6105 
6107 
6109 ,237,5244
6111 ,445
6113 
6115 
6117 
6119 
6121 
6123 
6125 
6127 
6129 
6131 
6133 
6135 ,1377,7905
6137 
6139 
6141 
6143 
6145 
6147 
6149 ,2068,7926
6151 
6153 
6155 
6157 
6159 
6161 
6163 
6165 
6167 
6169 
6171 
6172 
6174 
6176 
6178 
6180 
6182 
6184 
6186 
6188 
6190 
6192 
6195 
6197 
6199 
6201 
6203 
6205 
6207 
6209 
6211 
6213 
6215 
6217 
6219 
6221 
6223 
6225 
6227 
6229 
6231 
6233 
6235 
6237 
6239 
6241 
6243 
6245 
6247 
6249 
6251 
6253 
6255 
6257 
6259 
6261 
6263 
6265 
6266 
6268 
6270 ,2201
6272 
6274 
6276 
6278 
6280 
6282 
6284 
6286 
6288 
6290 
6292 
6294 
6296 
6298 
6300 
6302 
6304 
6306 
6308 
6310 
6312 
6314 
6316 
6318 
6320 
6322 
6324 ,7008
6326 
6328 
6330 ,5859,7069
6332 
6334 
6336 
6338 
6340 
6342 
6344 
6346 
6348 
6350 
6352 
6354 
6356 
6358 
6360 
6362 
6364 
6366 
6368 
6370 
6372 
6374 
6376 
6378 
6381 
6383 
6385 
6387 
6389 
6391 
6393 
6395 
6397 
6399 
6401 
6403 
6405 
6407 
6409 
6411 
6413 
6415 
6417 
6419 
6421 
6423 
6425 
6427 
6429 
6431 
6433 
6435 
6437 
6439 
6441 
6443 
6445 
6447 
6449 
6452 
6454 
6456 
6458 
6460 
6462 
6464 
6466 
6468 
6470 ,4542
6472 
6474 
6476 
6478 ,1543,7884
6480 
6482 
6484 
6486 
6488 
6490 
6492 
6494 
6496 
6498 
6500 
6502 
6504 
6506 
6508 
6510 
6512 
6514 
6516 
6518 
6520 
6522 
6524 
6526 
6528 
6530 
6532 
6534 
6536 
6538 
6540 
6542 
6543 
6545 
6547 
6549 
6551 
6553 
6555 
6557 
6559 
6561 
6563 
6565 
6567 
6569 
6571 
6573 
6575 
6577 
6579 
6581 
6583 
6585 
6587 
6589 
6591 
6593 
6595 
6597 
6599 
6601 
6603 ,15
6605 
6607 
6609 
6611 
6613 
6615 
6617 
6619 
6621 
6623 
6625 
6627 
6629 
6631 
6633 
6635 
6637 
6639 
6641 
6643 
6645 
6647 
6649 
6651 
6653 
6655 
6657 
6659 
6661 
6663 
6665 
6667 
6669 
6671 
6673 
6675 
6677 
6679 
6681 
6683 
6685 
6687 
6689 
6691 
6693 
6695 
6697 
6699 
6701 
6703 
6705 
6707 
6709 
6711 
6713 
6715 
6717 
6719 
6722 
6724 
6726 
6728 
6730 ,3669
6732 
6734 ,3202,4468,7838
6736 
6738 
6740 
6742 
6744 
6746 
6748 
6750 
6752 
6754 ,2963,7027,7221,7539
6756 
6758 
6760 
6761 
6763 
6765 
6767 
6769 
6771 
6773 
6775 
6777 
6779 
6781 
6783 
6785 ,636
6787 ,2742,6968
6789 
6791 
6793 
6795 
6797 
6799 
6801 
6803 
6805 
6807 
6809 
6811 
6813 
6815 
6817 
6819 
6821 ,5373
6823 
6825 
6827 
6829 
6831 
6833 
6836 
6838 
6840 
6842 
6844 
6846 
6848 
6850 
6852 
6854 
6856 
6858 
6860 
6861 
6863 
6865 
6867 
6869 
6871 
6873 
6875 
6877 
6879 
6881 
6883 
6885 
6888 
6890 
6892 
6893 
6895 
6897 
6899 
6901 
6903 
6905 
6907 
6909 
6911 
6913 
6915 
6917 
6919 
6921 
6923 
6925 
6927 
6929 
6931 ,2727,4197
6933 
6935 
6937 
6939 
6941 
6942 
6944 
6946 
6948 
6950 
6952 
6954 
6956 
6958 
6960 
6962 
6964 
6966 
6968 ,2742,6787
6970 
6972 
6974 
6976 
6978 
6980 
6982 
6984 
6986 ,33,3146,5654
6988 
6990 
6992 
6994 
6996 
6998 
7000 
7002 
7004 
7006 
7008 ,6324
7010 
7012 
7014 
7016 
7017 
7019 
7021 
7023 
7025 
7027 ,175,996,2262,6754,7539
7029 
7031 
7033 
7035 
7037 
7039 
7041 
7043 
7045 
7047 
7049 
7051 
7053 
7055 
7057 
7059 
7061 
7063 
7065 
7067 
7069 ,6330
7071 
7073 
7075 
7077 
7079 
7081 
7083 
7085 
7087 
7089 
7091 
7093 
7095 
7097 
7099 
7101 
7103 
7105 
7107 
7109 
7111 
7113 
7115 
7117 
7119 
7121 
7123 
7125 ,51,1945,5236,7473
7127 
7129 
7131 
7133 
7135 
7137 
7139 
7141 
7143 
7145 
7147 
7149 
7151 
7153 
7155 
7157 
7159 
7161 
7163 
7165 
7167 
7170 
7172 
7174 
7176 
7178 
7180 
7182 
7184 
7186 
7189 
7191 
7193 
7195 
7197 
7199 
7202 
7204 
7206 
7208 
7210 
7212 
7214 
7216 
7219 
7221 ,175,663,996,2262,2963,6754
7223 
7225 
7227 
7229 
7231 
7233 
7235 
7237 
7239 
7241 
7243 
7245 
7247 
7249 
7251 
7253 ,1947
7255 
7257 
7259 
7261 
7263 
7265 
7267 
7269 
7271 
7273 ,5148
7275 
7277 
7279 
7281 
7283 
7285 
7287 
7289 
7291 
7293 
7295 
7297 
7299 
7301 
7303 
7305 
7307 
7309 
7311 ,3829,4264
7313 
7315 
7317 
7319 
7320 
7322 
7324 ,5671
7326 
7328 
7330 
7332 
7334 
7336 
7338 
7340 
7342 ,319
7344 
7346 
7348 
7350 
7352 
7354 
7356 
7358 
7360 
7362 
7364 
7366 
7368 
7370 
7372 
7374 
7376 
7378 
7379 
7381 
7383 
7385 
7387 
7389 
7391 
7393 
7395 
7397 
7399 
7401 
7403 
7405 
7407 
7409 
7411 
7413 
7415 ,15
7417 
7419 
7421 
7423 
7425 
7427 
7429 
7431 
7433 
7435 
7437 
7439 
7441 
7443 
7445 
7447 
7449 
7451 
7453 
7455 
7457 
7459 
7461 
7463 
7465 
7467 
7469 
7471 
7473 ,51,1945,5236,7125
7475 
7477 
7479 
7481 
7483 
7485 
7487 
7489 
7491 
7493 
7495 
7497 
7499 
7501 
7503 ,3765,4635
7505 ,1128,1611,5454
7507 
7509 
7511 
7513 
7515 
7517 
7519 
7521 
7523 
7525 
7527 
7529 
7531 
7533 
7535 
7537 
7539 ,663,2262,6754,7027
7541 
7543 
7545 
7547 
7549 
7552 
7554 
7556 
7558 
7560 
7562 
7564 
7566 
7568 
7570 
7572 
7574 
7576 
7578 
7580 
7582 
7584 
7586 
7588 
7590 
7592 
7594 
7596 
7597 
7599 
7601 
7603 
7605 
7607 
7609 
7611 
7613 
7615 
7617 
7619 
7621 
7623 
7625 
7627 
7629 
7631 
7633 
7635 
7637 
7639 
7641 
7643 
7645 
7647 
7649 
7651 
7653 
7655 
7657 
7659 
7661 
7663 ,4165
7665 
7667 
7669 
7671 
7673 
7675 
7677 
7679 
7681 
7683 
7685 
7687 
7689 
7691 
7693 
7695 
7697 
7699 
7701 
7703 
7705 
7707 
7709 
7711 
7713 
7715 
7717 
7719 
7721 
7723 
7725 
7727 
7729 
7731 
7733 
7735 
7737 
7739 
7741 
7743 
7745 
7747 
7749 
7751 
7753 
7755 
7757 
7759 
7761 
7763 
7765 
7767 
7769 
7771 
7773 
7775 
7777 
7779 
7781 
7783 
7785 
7788 
7790 
7792 
7794 
7796 
7798 
7800 ,57
7802 
7804 
7806 ,177,5789
7808 
7810 
7812 
7814 
7816 
7818 
7820 
7822 
7824 
7826 
7828 
7830 
7832 ,5254
7834 
7836 
7838 ,3202,4468,6734
7840 
7842 ,145
7843 
7845 
7847 
7849 
7851 
7853 
7855 
7857 
7859 
7861 
7862 
7864 
7866 
7868 
7870 
7872 
7874 
7876 
7878 
7880 
7882 
7884 ,1543,6478
7886 
7888 
7890 
7892 
7894 
7896 
7898 
7900 
7903 
7905 ,6135
7906 
7908 
7910 
7912 
7914 
7916 ,980
7918 
7920 
7922 
7924 
7926 ,2068,6149
7928 
7930 
7932 
7934 
7936 
7938 
7940 
7942 
7944 
7946 
7948 
7950 
7952 
7954 
7956 
7958 
7960 
